{"assets/3p.png":["assets/3p.png"],"assets/Account.png":["assets/Account.png"],"assets/Cause.png":["assets/Cause.png"],"assets/blackdone.png":["assets/blackdone.png"],"assets/call.png":["assets/call.png"],"assets/children.png":["assets/children.png"],"assets/cups.png":["assets/cups.png"],"assets/done.png":["assets/done.png"],"assets/eco.png":["assets/eco.png"],"assets/grade.png":["assets/grade.png"],"assets/home.png":["assets/home.png"],"assets/hour.png":["assets/hour.png"],"assets/info.png":["assets/info.png"],"assets/lock_textfield.png":["assets/lock_textfield.png"],"assets/mail.png":["assets/mail.png"],"assets/meals.png":["assets/meals.png"],"assets/message_textfield.png":["assets/message_textfield.png"],"assets/monitoring.png":["assets/monitoring.png"],"assets/notifications.png":["assets/notifications.png"],"assets/sheep.png":["assets/sheep.png"],"assets/social_leaderboard.png":["assets/social_leaderboard.png"],"assets/splash.png":["assets/splash.png"],"assets/success.png":["assets/success.png"],"assets/travel_explore.png":["assets/travel_explore.png"],"assets/tree.gif":["assets/tree.gif"],"assets/trees.png":["assets/trees.png"],"packages/cupertino_icons/assets/CupertinoIcons.ttf":["packages/cupertino_icons/assets/CupertinoIcons.ttf"]}